,Karisuma 14,SMASHADELPHIA 2017,ALPHA,Midwest Mayhem 9,Umebura 27,UNLOCKED,Albion 2,TGL Presents: Divided,2GGC: Arms Saga,Evo 2017,DreamHack Atlanta 2017,Get On My Level 2017,IGX - International Gaming Expo,Low Tier City 5,Smash Factor 6,Sumabato 19,Umebura 28,Super Smash Con 2017,2GGC: SCR Saga,Dubai Dojo 2,Shine 2017,PAX Arena at PAX West 2017,2GGC: West Side Saga,DreamHack Montreal 2017,Showdown: Battle Royale 2,Sumabato 20,Syndicate 2017,GameTyrant Expo 2017,The Big House 7,2GGC: Fire Emblem Saga,Sumabato 21,DreamHack Denver 2017,Who's Your Pappy #10,Umebura 29,Canada Cup 2017,Clutch City Clash 2,TGL & PG Present: Too Hot to Handle,2GGC: MkLeo Saga,GatorLAN Fall 2017,Port Priority 2: Midwest Invasion,IBP Masters Showdown,Sumabato 22,Umebura 30,Super FamiCon 2017,Tech Republic III,Midwest Mayhem 10,Rikabura 8,2GGC: Last Chance Qualifier,2GG Championship
ZeRo,,,,1st,,,,,2nd,2nd,9th,,,2nd,,,,2nd,1st,,1st,1st,1st,,,,,3rd,4th,,,1st,,,,1st,,13th,,,,,,,,2nd,,,2nd
MKLeo,,,,,,,,,,,17th,,1st,,1st,,,3rd,2nd,,5th,9th,,,,,,1st,,9th,,,,,1st,,,3rd,,,1st,,,,,,,,1st
Nairo,,,,2nd,,,,,,5th,4th,,,,,,,1st,7th,,3rd,2nd,5th,,,,,9th,9th,2nd,,,,,,,,4th,,,,,,,,,,,10th
Dabuz,,2nd,1st,,,,,,1st,7th,7th,,,,,,,33rd,,,,,,4th,,,,9th,1st,,,,,,,,2nd,5th,,,,,,1st,,,,,4th
Ally,,,,,,,,,,49th,13th,,,,,,,33rd,9th,,5th,4th,,5th,,,,25th,7th,,,,,,5th,,,,,,9th,,,,,,,,9th
Larry Lurr,,,,,,,,,9th,3rd,5th,2nd,,7th,,,,33rd,3rd,,7th,7th,,1st,,,,4th,7th,25th,,3rd,,,3rd,,,9th,,,2nd,,,,,,,,11th
CaptainZack,,,,4th,,,,,,17th,13th,,,5th,,,,33rd,5th,,17th,9th,,,,,,25th,13th,17th,,,,,,,4th,17th,,,,,,3rd,,,,,11th
Komorikiri/komorikiri,5th,,,,,,,,5th,13th,,,,,,,,17th,9th,,7th,,,,,5th,,17th,9th,3rd,,,,,,,,25th,,,4th,,,,,,,,16th
Mr.R,,,,,,,,,,17th,7th,,,,2nd,,,4th,9th,,,,,,,,1st,5th,9th,,,,,,,,,9th,,,7th,,,,,4th,,4th,
Abadango,,,,,1st,,,,13th,9th,,,,7th,,,,33rd,17th,,,,9th,,,,,25th,17th,25th,,5th,,2nd,,,,7th,,,,,2nd,,,,,,7th
Salem,,,,,,1st,,,,1st,1st,,,,,,,7th,7th,,4th,3rd,,,,,,9th,5th,1st,,2nd,,,,,5th,9th,,,,,,,,1st,,,3rd
Tweek,,,,3rd,,,,,7th,4th,3rd,,,1st,,,,13th,9th,,2nd,11th,2nd,,,,,17th,17th,4th,,,,,,,,1st,,,,,,,,3rd,,,16th
VoiD,,,,,,,,,4th,7th,2nd,,,,,,,9th,5th,,13th,5th,,,,,,17th,9th,5th,,,,,,,,17th,,,5th,,,,,,,,7th
Marss,,,,,,,,,,,,,,,,,,,,,13th,,,,,,,17th,2nd,,,,,,,,,25th,,,,,,,,,,,
Fatality,,,,,,,,,,33rd,17th,5th,,,,,,17th,17th,,,,,,1st,,,25th,,,,,,,,,,,,,,,,9th,,,,,16th
KEN,,,,,7th,,,,3rd,5th,,,,,,,1st,,,1st,,,4th,,,,2nd,,,17th,,,,5th,,,,2nd,,,3rd,,5th,,,,1st,,5th
Ranai,5th,,,,,,,,9th,17th,,,,,,,,,,7th,,,,,,,,,,,,,,,,,,,,,,,,,,,,,
ESAM,,1st,,,,2nd,,2nd,,49th,9th,,,4th,,,,13th,,,13th,,,2nd,,,,17th,25th,,,5th,,,,,3rd,17th,,,,,,2nd,,,,,
Kirihara,,,,,2nd,,,,,,,,,,,,4th,,,,,,5th,,,,,,,9th,,,,9th,,,,9th,,,,,13th,,,,2nd,,11th
Zinoto,,,,5th,,,,,,17th,,,,,,,,,,,17th,,9th,,,,,13th,13th,,,,,,4th,,,25th,,,,,,,,,,,
ANTi,,,,,,,,,,25th,5th,1st,,,13th,,,,13th,,17th,7th,,5th,,,,5th,49th,,,,,,,,,,,,,,,4th,,,,,
Locus,,,,,,,,,17th,25th,,,5th,,,,,,25th,,17th,,17th,,,,,33rd,33rd,25th,,,,,,,,49th,,,,,,,,,,7th,
9B,1st,,,,9th,,,,,25th,,,,,,2nd,,,,2nd,,,,,,,,,,,,,,,,,,,,,,,,,,,,,
Samsora,,,,,,5th,,,,33rd,9th,,,,,,,49th,17th,,,,,,7th,,,7th,,7th,,,,,,,9th,17th,,,,,,,,,,,11th
Elegant,,,,,,,,,17th,17th,,,,,,,,,,,,,17th,,,,,2nd,,25th,,,2nd,,,3rd,,17th,,,,,,,,,,1st,5th
Tsu,,,,,4th,,,,7th,25th,,,,,,,,,,,,,7th,,,,,,,,,,,,,,,13th,,,,,9th,,,,4th,,
Kameme,,,,,7th,,,,9th,,,,,,4th,,,,13th,,,,,,,,,,,,,,,13th,,,,25th,,,,,7th,,,,,,
falln,,,,,,,,,25th,25th,17th,,,,,,,9th,17th,,,,13th,,,,,33rd,,13th,,,,,,,,33rd,,,13th,,,,,,,,
MVD,,,,,,,,3rd,,33rd,17th,,,,,,,17th,,,17th,,,9th,,,,17th,5th,,,9th,,,,,13th,25th,,,,,,,,,,,
Mr.E,,,,,,,,,,33rd,13th,,,,,,,17th,,,25th,,,,9th,,,33rd,13th,13th,,,,,,,9th,33rd,,,5th,,,,,,,,
6WX,,,,,,,,,,,,,,,,,,9th,,,,,,,5th,,,,,33rd,,,,,,,,,,,,,,,,,,,
T,,,,,,,,,,,,,,,,,,,,3rd,,,9th,,,,,,,,,,,,,,,33rd,,,,,,,,,,,16th
Shuton,,,,,,,,,,,,,,,,,,,,,,,3rd,,,,,,,7th,,,,,,,,49th,,,,,,,,,,,16th
Raito,,,,,9th,,,,17th,17th,,,,,,,,,,,,,,,,,,13th,13th,,,,,,,,,25th,,,,,,,,,,,
Earth,,,,,5th,,,,,,,,,,,,,,,5th,,,,,,,,,,33rd,,,,13th,,,,,,,,,3rd,,,,3rd,,
HIKARU,,,,,,,,,,,,,,,,1st,,,,5th,,,,,,5th,,,,,,,,,,,,17th,,,,,,,,,,,
Ned,,,,9th,,,,,,,17th,,,,,,,33rd,,,,,,,,,,,25th,,,,,,,,,17th,,1st,,,,,,7th,,,
Rich Brown,,,,,,,,,17th,49th,,,,,,,,33rd,33rd,,,,25th,,,,,,,33rd,,,3rd,,,,9th,33rd,,,17th,,,,,,,,
Myran,,,,,,,,,,,,,,,,,,,,,,,,,13th,,,,,,,,,,,,,,,,,,,,,,,,
Manny,,,,,,4th,,1st,,13th,25th,,,,,,,,,,,,,,2nd,,,,,5th,,,,,,,1st,,,,17th,,,,,,,,
ScAtt,,,,,,3rd,,,,,33rd,,,,,,,,,,,,,,,,,,,,,,,,,,,,,,,,,,,,,,
NAKAT,,,,,,,,,13th,13th,,,,,3rd,,,,,,,,,,,,,17th,25th,17th,,,,,,,,,,,,,,,,,,,
Nietono,,,,,13th,,,,,33rd,,,,,,,,,,,,,,,,7th,,,,,,,,4th,,,,,,,,,9th,,,,,,
Javi,,,,,,,,,,,,,,,5th,,,,,,,,17th,,9th,,,,17th,33rd,,4th,,,,7th,,17th,,,,,,,,,,,
Ac,,,,,,,,,,,,,,,,,,,33rd,,,,,,,,,,,9th,,,,,,,,25th,,,25th,,,,,,,,
WaDi,,3rd,2nd,,,,,,,13th,,,,,,,,5th,,,9th,,,,3rd,,,,,9th,,,,,,,,5th,,,,,,5th,,,,,11th
Edge,7th,,,,13th,,,,,25th,,,,,,3rd,,,,4th,,,,,,3rd,,,,,,,,,,,,,,,,4th,,,,,,,
JK,,,,,,,,,,9th,,,,,,,,33rd,33rd,,17th,,25th,,,,,13th,,49th,,,,,,2nd,,25th,,,,,,,,,,,
Choco,,,,,3rd,,,,,,,,,,,,3rd,,,,,,,,,,,,,,7th,,,1st,,,,,,,,,1st,,,,,,
FOW,,,,,,,,,,33rd,,,,,,,,,,,,,,,,,,,,,,,,,,,,,,,,,,,,,,,
K9sbruce,,,,,,,,,17th,49th,33rd,,,,,,,,33rd,,,,,,,,,,,49th,,,,,,,,13th,,,17th,,,,,,,5th,
Shoyo James,,5th,,,,,,,,,,,,,,,,7th,,,25th,,,,7th,,,,,,,,,,,,,,,,,,,,,,,,
Trela,,,,,,,,,,,,,,,,,,,,,,,,,,,,,,,,,,,,4th,,,,,,,,,,,,,
Tyrant,,,,,,,,,,,,,,,,,,,33rd,,,,25th,,,,,25th,,13th,,,1st,,,,,33rd,,,25th,,,,,,,,
Wrath,,,,,,,,,,17th,17th,,,,,,,,,,,,,,,,,,,,,,,,,,,,,,,,,9th,,,,,
Mistake,,,,,,,,,,17th,,3rd,,3rd,,,,5th,4th,,9th,,,3rd,5th,,,25th,25th,13th,,,,,9th,,,33rd,,,,,,,,,,7th,
Cosmos,,,,7th,,,,,9th,33rd,25th,,,,,,,25th,,,9th,,,,4th,,,33rd,3rd,17th,,7th,,,,,,49th,,,,,,,,5th,,2nd,
Lima,,,,,,,,,13th,9th,,,,5th,,,,,17th,,,,13th,,,,,33rd,,,,,,,2nd,,,7th,,,,,,,,,,,
False,,,,,,,,,,9th,,,,,,,,,,,,,,,,,,,,,,,,,,,,,,,,,,,,,,,
Vinnie,,,,,,,,,13th,,9th,,,,,,,,,,,,,,,,,,,25th,,,5th,,,,,,,,,,,,,,,,
Charliedaking,,,,,,,,,5th,33rd,,,,,,,,,17th,,,,7th,,,,,9th,,33rd,,,7th,,,,,33rd,,,13th,,,,,,,,
tyroy,,,,5th,,,,,,33rd,,,,,,,,33rd,,,17th,,,,9th,,,,17th,,,,,,,,,,,,,,,,,5th,,,
Konga,,,,,,,,,,33rd,,,3rd,,,,,,,,,5th,25th,,,,,,,,,,,,,,,,,2nd,,,,,,,,,
Light,,5th,5th,,,,,,,,,,,,,,,25th,,,9th,,,,,,,,17th,,,,,,,,,,,,,,,5th,,,,,
DarkShad,,,,9th,,,,,,,,,,,,,,13th,,,,,,,13th,,,7th,49th,,,,,,,,,,,,,,,13th,,,,,
Zenyou,,,,,,,,,,33rd,,,,,,,,,13th,,,,17th,,,,,13th,,25th,,,,,,,,33rd,,,13th,,,,,,,,
Ryuga,,,,9th,,,,,,49th,33rd,,,,,,,25th,,,,,,,13th,,,,25th,17th,,,,,,,,,,,,,,,,,,,
dyr,,,,,,,,4th,,,,,,,,,,9th,,,,,,,9th,,,,17th,,,,,,,,5th,,,,,,,,,13th,,,
IxisNaugus,,,,,,,4th,,,33rd,,,,,,,,,,,,,,,,,13th,,,,,,,,,,,,,,,,,,1st,,,,
SuperGirlKels,,,,,,,,,,,,5th,,,,,,33rd,,,,,,7th,,,,,,,,,,,7th,,,,,,,,,,,,,,
Luhtie,,,,,,,,,,33rd,,,,,,,,25th,25th,,,,25th,,,,,,,,,,,,,,,33rd,,,,,,,,,,,
Gluttony,,,,,,,,,,,,,,,,,,,,,,,,,,,,,,,,,,,,,,,,,,,,,,,,,
Mercury,,,,,,,,,,,,,,,,,,,,,,,,,,,,,,,,,,,,,,,,,,,,,,,,,
Peli,,,,,,,13th,,,,,,,,,,,,,,,,,,,,,,,,,,,,,,,,,,,,,,,,,,
Lazyboredom,,,,,,,,,17th,,,,,,,,,,,,,,,,,,,,,,,,,,,,,,,,,,,,,,,,
Biddy,,,,,,,,,,,,,,,,,,,,,33rd,,,,,,,,,,,,,,,,,,,,,,,,,,,,
YuCas,,,,,,,,,,,49th,,,,,,,,,,,,,,,,,,,,,,,,,,,,,,,,,,,,,,
Das,,,,9th,,,,,,,,,,,,,,,,,,,,,,,,,,,,,,,,,,,,,,,,,,,,,
ven,,,,,,,,,,,,,,,,,,,49th,,,,,,,,,,,49th,,,,,,,,,,,,,,,,,,,
Captain L,,,,,,,,,,,,,,,,,,,25th,,,,,,,,,33rd,,,,,,,,,,13th,,4th,,,,,,,,,
Ramzy,,,,,,,,,,,,,,,,,,,,,49th,,,,,,,,,,,,,,,,,,,,,,,,,,,,
Akashic,,,,,,,,,,,,,,,,,,,,,,,,,,,,,,33rd,,,,,,,,,,,,,,,,,,,
Day,,,,,,,,,,49th,,,,,,,,,,,,,,,,,,49th,,,,,,,,,,,,,,,,,,,,,
RosaGetsFit,,,,,,,,,,,33rd,,,,,,,,,,,,,,,,,,,,,,,,,,,,,,,,,,,,,,
MJG,,,,,,,,,,,,,,,,,,,,,25th,,,,,,,,,,,,,,,,,,,,,,,,,9th,,,
Candy,,,,,,,,,,,,,,,,,,,,,,,,,,,,,,,,13th,,,,,,49th,,,,,,,,,,,
SMOM,,,,,,,,,,,,,,,,,,,,,,,,,,,,49th,,,,,,,,,,,,,,,,,,,,,
colinies,,,,,,,,,,,,,,,,,,49th,,,,,,,,,,,,,,,,,,,,,,,,,,,,,,,
Taiheita,2nd,,,,,,,,,,,,,,,,,,,,,,,,,,,,,,,,,,,,,,,,,,,,,,,,
Chanshu,,,,,,,,,,33rd,,,,,,,,,25th,,,,,,,,,,,,,,,,,,,,,,,2nd,,,,,,,
Kurry,,,,,,,,,,,,,,13th,,,,,,,,,,,,,,,,,,,,,,,,,,,,,,,,,,,
Griffith,,,,,,,,,,,,,,,,,,,,,,,,,,,9th,,,,,,,,,,,,,,,,,,,,,,
Dr. Copter,,,,,,,,,,,33rd,,,,,,,,,,,,,,,,,,,,,,,,,,,,,,,,,,,,,,
Ksev,,,,,,,,,,,,,,,,,,,,,49th,,,,,,,,,,,,,,,,,,,,,,,,,,,,
Megafox,,,,,,,,,,,,,,,,,,,,,,,,,,,,,,,,,,,,5th,,,,,,,,,,,,,
TSS,,,,,,,,,,,,,,,,,,,,,,,,,,,,33rd,,,,,,,,,,,,,,,,,,,,,
CoNo,,,,,,,,,,,,,,,,,,,,,,,,,,,,49th,,,,,,,,,,,,,,,,,,,,,
SoCalGohan,,,,,,,,,,,,,,,,,,,,,,,,,,,,49th,,,,,,,,,,,,,,,,,,,,,
Egaz,,,,,,,,,,,,,,,,,,,,,,,,,,,,,49th,,,,,,,,,,,,,,,,,,,,
Dakpo,,,,,,,,,,,,,,,,,,,,,,,,,,,,,,,,9th,,,,,,,,,,,,,,,,,
Legit,,,,,,,,,,,,,,,,,,17th,,,,,,,,,,25th,,,,,,,,,,,,,,,,,,,,,
Nom,,,,13th,,,,,,,,,,,,,,,,,,,,,,,,,33rd,,,,,,,,,,,,,,,,,,,,
DSS,,,,,,,,,,,,,,,,,,49th,,,,,25th,,,,,33rd,,,,,5th,,,,,33rd,,,,,,,,,,,
DarkAura,,,,,,,,,,,,9th,,,,,,,,,33rd,,,,,,,,,,,,,,9th,,,,,,,,,,,,,,
Umeki,,,,,,,,,,,,,,,,,,,,,,,,,,,,,33rd,,,,,,,,,,,,,,,,,,,,
Sells,,,,,,,,,,,17th,,,,,,,,,,,,,,,,,49th,,,,,,,,,,,,,,,,,,,,,
Pink Fresh,,,,,,,,,,,,,,,,,,,,,25th,,,,,,,,,,,,,,,,,,,,,,,,,,,,
Mew2King,,4th,,,,5th,,,,,,,,,,,,,,,49th,,,,,,,,,,,,,,,,,,,,,,,,,,,,
Hushpuppy,,,,,,,,,,,,,,,,,,,49th,,,,,,,,,,,,,,,,,,,,,,,,,,,,,,
WiiASE,,,,,,,,,,,,,,,,,,,,,,,,,,,9th,,,,,,,,,,,,,,,,,,,,,,
Vivid,,,,,,,,,,,,,,,,,,,,,33rd,,,,,,,,,,,,,,,,,,,,,,,,,,,,
JTreezy,,,,,,,,,,,33rd,,,,,,,,,,,,,,,,,,,,,,,,,,,,,,,,,,,,,,
S1,,,,,,,,,,,,,,,,,,,,,,,,,,,7th,,,,,,,,,,,,,,,,,,,,,,
Black Yoshi,,,,,,,,,,,,,,,,,,,,,,,,,,,,,33rd,,,,,,,,,,,,,,,,,,,,
aperture,,,,,,,,,,,,,,,,,,,,,33rd,,17th,,,,,,,,,,,,,,,,,,,,,,,,,,
Raptor,,7th,,,,,,,,,,,,,,,,,,,,,,,,,,,,,,,,,,,,,,,,,,,,,,,
Lagnel,,,,,,,,,,,,,,,,,,,,,,,,,,,,,25th,,5th,,,,,,,,,,,,,,,,,,
SS,,,,,,,,,,,,,,,,,,,,,,,17th,,,,,,,,,,,,,,,49th,,,,,,,,,,,
2scoops Nicko,,,,,,,,,,,,,,,,,,25th,,,,,,,,,,,,,,,,,,,,,,,,,,,,,,,
Meru,,,,,,,9th,,,,,,,,,,,,,,,,,,,,,,,,,,,,,,,,,,,,,,5th,,,,
Kswz,,,,,,,,,,,,,,,,,,,,,,,,,,,,,,,,,,,,,,,,,17th,,,,,,,,
SM,,,,,,,,,,,,,,,,,,,,,,,,,,,,,,,,,,,,,,,,,25th,,,,,,,,
Pyreeze,,,,,,,,,,,,,,,,,,,,,,,,,,,,,,,,,,,,,,,,7th,,,,,,,,,
MastaMario,,,,,,,,,,,,,,,,,,,,,,,,,,,,,,,,,,,,,,49th,,,,,,,,,,,
Sonido,,,,,,,,,,,33rd,,,,,,,,,,,,,,,,,,,,,,,,,,,,,,,,,13th,,,,,
Shaky,,,,,,,,,,,,,,,,,,,,,,,,,,,,,,,,,4th,,,,,,,,,,,,,,,,
Dandy Penguin,,,,,,,,,,,,,,,,,,49th,,,,,,,,,,,,,,,,,,,,,,,,,,,,,,,
Spearwing,,,,,,,,,,,,,,,,,,,,,,,,,,,,49th,,,,,,,,,,,,,,,,,,,,,
FILIP,,,,,,,,,,49th,,,,,,,,,,,,,,,,,,,,,,,,,,,,,,,,,,,,,,,
Kuma,,,,,,,,,,,,,,,,,,,,,33rd,,,,,,,,,,,,,,,,,,,,,,,,,,,,
Brosinex,,,,,,,,,,,,,,,,,,,33rd,,,,,,,,,,,33rd,,,,,,,,,,,,,,,,,,,
Phoenix,,,,,,,,,25th,,,,,,,,,,,,,,,,,,,,,,,,,,,,,,,,,,,,,,,,
Lycan,,,,,,,,,,,,,,,,,,49th,,,,,,,,,,,,,,,,,,,,,,,,,,,,,,,
Slenderman,,,,,,,,,,,,,,,,,,,,,,,,,,,,,49th,,,,,,,,,,,,,,,,,,,,
Gackt,,,,,,,,,,,,,,,,,,,,,,,,,,,,,17th,,,,,,,,,,,,,,,,,,5th,,
Remzi,,,,,,,,,,,,,,,,,,,,,33rd,,,,,,,,,,,,,,,,,,,,,,,,,,,,
Ghost,,,,,,,,,25th,,,,,,,,,,,,,,,,,,,,,,,,,,,,,,,,17th,,,,,,,,
Aki,,,,,,,,,,,,,,,,,,,,,,,,,,1st,,,,,,,,,,,,,,,,,,,,,,,
Dynamo,,,,,,,,,,,,,,,,,,,33rd,,,,,,,,,49th,,,,,,,,,,,,,,,,,,,,,
Omega Tyrant,,,,,,,,,,,,,,,,,,,,,49th,,,,,,,,,,,,,,,,,,,,,,,,,,,,
Eda,,,,,,,,,,,,,,,,,,,,,,,,,,,,,,,,,,,,,,,,,,5th,,,,,,,
Supahsemmie,,,,,,,5th,,,,,,,,,,,,,,,,,,,,9th,,,,,,,,,,,,,,,,,,,,,,
Grizz,,,,,,,,,,,,,,,,,,,,,,,,,,,,,,,,,,,,,,,,,,,,,,,,,
Nero,,,,,,,,,,,,,,,,,,,,,,,,,,,,,49th,,,9th,,,,,,,,,,,,,,,,,
Hammer,,,,,,,,,,,33rd,,,,,,,,,,,,,,,,,,,,,,,,,,,,,,,,,,,,,,
Cacogen,,,,,,,,,,,,,,,,,,,,,,,,,,,,,,,,,,,,,,,,5th,,,,,,,,,
JFK,,,,,,,,,,,,,,,,,,,,,,,,,,,,49th,,,,,,,,,,,,,,,,,,,,,
Horse,,,,,,,,,,,,,,,,,,,33rd,,,,,,,,,,,,,,,,,,,,,,,,,,,,,,
Brood,,,,,,,,,,,,,,,,,7th,,,,,,,,,,,,,,,,,,,,,,,,,,,,,,7th,,
Hide,,,,,,,,,,,,,,,,,,,,,33rd,,,,,,,,,,,,,,,,,,,,,,,,,,,,
Smith,,,,,,,,,,,49th,,,,,,,,,,,,,,,,,,,,,,,,,,,,,,,,,,,,,,
Crazycolorz5,,,,,,,,,,,,,,,,,,,,,,,,,,,,,33rd,,,,,,,,,,,,,,,,,,,,
K0rean,,,,,,,,,,,,,,,,,,,,,,,,,,,,,,,,,,,,,,,,,25th,,,,,,,,
Nicko,,,,,,,,,,,,,,,,,,,,,,,,,,,,,,49th,,,,,,7th,,,,,,,,,,,,,
Illusion,,,,,,,,,,,,,,9th,,,,,,,,,,,,,,,,,,,,,,,,,,,,,,,,,,,
Sheen,,,,13th,,,,,,,,,,,,,,,,,,,,,,,,,49th,,,,,,,,,,,,,,,,,,,,
DeKu,,,,,,,,,,,,,,,,,,,,,,,,,,,,,,49th,,,,,,,,,,,,,,,,,,,
Lickey?,,,,,,,,,,,,,,,,,,,,,,,,,,,,,,,,,,,,,,,,,,,9th,,,,,,
Hero,,,,,,,,,,,,,,,,,,,,,49th,,,,,,,,,,,,,,,,,,,,,,,,,,,,
Pepo,,,,,,,,,,,,,,,,,,,,,,,,,,,,,,,,,,,,,,,,,,,,,5th,,,,
Ke-ya,,,,,,,,,,,,,,,,,,33rd,,,,,,,,,,,,,,,,,,,,,,,,,,,,,,,
Rain,,,,,,,,,,,,,,,,,2nd,,,,,,,,,,,,,,,,,5th,,,,,,,,,,,,,,,
Yuzu,,,,,,,,,,,,,,,,,,,,,,,,,,,,,,,,,,7th,,,,,,,,,,,,,,,
MisterMan,,,,,,,,,,,49th,,,,,,,,,,,,,,,,,,,,,,,,,,,,,,,,,,,,,,
Shu,,,,,,,,,,,,,,,,,5th,,,,,,,,,,,,,,,,,,,,,,,,,,,,,,,,
MagiMagi,,,,,,,3rd,,,,,,,,,,,,,,,,,,,,,,,,,,,,,,,,,,,,,,,,,,
Seth,,,,13th,,,,,,,,,,,,,,25th,,,,,,,,,,,,,,,,,,,,,,,,,,,,9th,,,
Ozone,,,,,,,,,,,,,,,,,,,,,,,,,,,,49th,49th,,,,,,,,,,,,,,,,,,,,
BaSK 3xA,,,,,,,,,,,,,,,,,,,,,,,,,,,,33rd,,,,,,,,,,49th,,,,,,,,,,,
smasher1001,,,,,,,,,,,,,,,,,,49th,,,,,,,,,,,,,,,,,,,,,,,,,,,,,,,
Tsunayoshi,,,,,,,,,,,,,,,,,,,,,,,,,,,,,,49th,,,,,,,,,,,,,,,,,,,
Riz,,,,,,,,,,,,,,,,,,,,,49th,,,,,,,,,,,,,,,,,,,,,,,,,,,,
Richi,,,,,,,,,,,,,,,13th,,,,,,,,,,,,,,,,,,,,,,,,,,,,,,,,,,
Axiom XL,,,,,,,,,,,,,,,,,,,,,49th,,,,,,,,,,,,,,,,,,,,,,,,,,,,
San,,,,,,,,,,,,4th,,,,,,,,,,,,,,,,,,33rd,,,,,,,,,,,,,,,,,,,
Elexiao,,,,,,,,,,,,,,,,,,,,,,,,,,,,,33rd,,,,,,,,,,,,,,,,,,,,
Zoan,,,,,,,,,,,,,,,,,,,,,33rd,,,,,,,,,,,,,,,,,,,,,,,,,,,,
Exodia,,,,,,,,,,,,,,,,,,,49th,,,,,,,,,,,,,,,,,,,,,,,,,,,,,,
Stroder,,,,,,,,,,,,,,,,,,,25th,,,,13th,,,,,,,33rd,,,,,,,,33rd,,,,,,,,,,,
KidG,,,,,,,,5th,,,,,,,,,,,,,,,,,,,,,,,,,,,,,,,,,,,,,,,,,
dekillsage,,7th,7th,,,,,,,,,,,,,,,33rd,,,,,,,,,,,,,,,,,,,,,,,,,,,,,,,
Wraith,,,,,,,,,,,,,,,,,,,,,33rd,,,,,,,,,,,,,,,,,,,,,,,,,,,,
Yackabean,,,,,,,13th,,,,,,,,,,,,,,,,,,,,,,,,,,,,,,,,,,,,,,,,,,
HyperKirby,,,,,,,,,,,25th,,,,,,,,,,,,,,,,,,,,,,,,,,,,,,,,,,,,,,
sinnyboo242,,,,,,,,,,,,,,,,,,,49th,,,,,,,,,,,,,,,,,,,,,,,,,,,13th,,,
Masashi,,,,,,,,,,,,,,,,,,,,,,,,,,,,,,,4th,,,,,,,,,,,5th,,,,,,,
????/MatchaN.,,,,,,,,,,,,,,,,,,,,,,,,,,,,,,,,,,,,,,,,,,,7th,,,,,,
Dougles,,,,,,,,,,,,,,,,,,,,,,,,,,,,,,,,,,,,,,,,,17th,,,,,,,,
Ross,,,,,,,,,,,,,,,,,,,,,,,,,,,,,,,,,,,,,,,4th,,,,,,,,,,
Vash,,,,,,,,,,,,,,,,,,,49th,,,,,,,,,,,,,,,,,,,,,,,,,,,,,,
Whispy,,,,,,,,,,,,,4th,,,,,,,,,,,,,,,,,,,,,,,,,,,,,,,,,,,,
Kome,,,,,,,,,,,,,,,,,,,,,,,,,,,,,,,2nd,,,,,,,,,,,,,,,,,,
Fwed,,,,,,,,,,,,13th,,,,,,,,,33rd,,,13th,,,,,,,,,,,,,,,,,,,,,,,,,
Aarvark,,,,,,,,,17th,,,,,,,,,49th,33rd,,,,17th,,,,,,,,,,,,,,,49th,,,9th,,,,,,,,
YOC,,,,,,,,,,,,,,,,7th,,,,,,,,,,,,,,25th,,,,,,,,,,,,,,,,,,,
Phuzix,,,,,,,,,,,,,,,,,,,,,,,,,,,,,,,,,,,,,,,5th,,,,,,,,,,
Mr. Riddle,,,,,,,,,,,,,,,,,,,,,,,,,,,,,,,,,,,,,9th,,,,,,,,,,,,
Sigma,,,,,,,,,,,,,,,,,,,,,,,,,,4th,,,,,,,,,,,,,,,,1st,,,,,,,
Chag,,,,,,,,,,,,,,,9th,,,,,,,,,,,,,,,,,,,,,,,,,,,,,,,,,,
BANG!,,,,,,,,,,,,,,,,,,,,,,,,,,,,,,,,9th,,,,,,,,,,,,,,,,,
Ralphie,,,,,,,,,,,,,,,,,,,,,25th,,,,,,,,,,,,,,,,,,,,,,,,,,,,
Blank,,,,,,,,,,,25th,,,,,,,,,,,,,,,,,33rd,,,,,,,,,13th,,,,,,,,,9th,,,
Sinji,,,,,,,,,,,17th,,,,,,,25th,,,,,,,,,,,33rd,,,,,,,,,,,,,,,,,,,,
Es,,,,,,,,,,,,,,,,,,,,,,,,,,,,,,,,,,9th,,,,,,,,,,,,,,,
THUNDER,,,,,,,,,,,,13th,,,,,,17th,,,,,,,,,,,,,,,,,,,,,,,,,,,,,,,
Light The Lantern,,,,,,,,,,,,,,9th,,,,,,,,,,,,,,,,,,,,,,,,,,,,,,,,,,,
VaLoR,,,,,,,,,,,,,,,,,,,,,,,13th,,,,,33rd,,,,,,,,,,,,,,,,,,,,,
bAhuto,,,,,9th,,,,,,,,,,,,5th,,,,,,,,,,,,,,,,,,,,,,,,,,4th,,,,,,
Harlock,,,,,,,,,,,49th,,,,,,,,,,,,,,,,,,,,,,,,,,,,,,,,,,,,,,
Dath,,,,,,,,,,,,,,,,,,,,,,,,,,,,,,49th,,,,,,,,,,,,,,,,,,,
Bkr l Blacktwins13,,,,,,,,,,,,7th,,,,,,33rd,,,33rd,,,,,,,,25th,,,,,,9th,,,,,,,,,,,,,,
Kuro,,,,,,,,,,,,,,,,,,,,,,,,,,,,,,,,,,7th,,,,,,,,,,,,,,,
SeP,,,,,,,,,,,,,,,,,,,,,,,,,,,,,,,,,,,,,,,,,,,,,,,,,
BBC,,,,,,,,,,,,,,,,,,,49th,,,,,,,,,,,,,,,,,,,,,,,,,,,,,,
BigLou,,,,,,,,,,,49th,,,,,,,,,,,,,,,,,,,,,,,,,,,,,,,,,,,,,,
Sonix,,,,,,,,,,,,,,,,,,,,,25th,,,,,,,,,,,,,,,,,,,,,,,,,,,,
R1HKami,,,,,,,,,,,,,,,,,,,,,,,,,,,,,,,,,,,,,,49th,,,,,,,,,,,
Kishiru,,,,,13th,,,,,,,,,,,,,,,,,,,,,,,,,,,,,,,,,,,,,,,,,,,,
Tael1996,,,,,,,,,,,,,,,5th,,,,,,,,,,,,,,,,,,,,,,,,,,,,,,,,,,
Salt One,,,,,,,,,,,25th,,,,,,,,,,,,,,,,,,,,,,,,,,,,,,,,,,,,,,
Xzax,,,,,,,,,25th,25th,,,,,,,,,,,,,,,,,,33rd,25th,33rd,,,,,,,,33rd,,,9th,,,,,,,,
Pichi,,,,,,,,,,,,,,,,,,,,,,,,,,,,,,,,,,,,,,,,,,,13th,,,,,,
BlackDynoWright,,,,,,,,,,,,,,,,,,,,,,,,,,,,49th,,,,,,,,,,,,,,,,,,,,,
Rickles,,,,,,,,,,,,,,,,,,,,,,,,,,,,,,,,,,,,,,49th,,,,,,,,,,,
Mumei,,,,,,,,,,49th,,,,,,,,,,,,,,,,,,,,,,,,,,,,,,,,,,,,,,,
NameLess,,,,,,,,,,,,,,,,,,49th,,,,,,,,,,,49th,,,,,,,,,,,,,,,,,,,,
Kie,,,,,,,,,,,,,,,,,,,,,,,,,,,,,,,,,,,,,,,,,,7th,,,,,,,
Seagull Joe,,,,,,,,,,49th,,,,,,,,49th,,,,,,,,,,,,,,,,,,,,,,,,,,,,,,,
M,,,,,,,7th,,,,,,,,,,,,,,,,,,,,,,,,,,,,,,,,,,,,,,,,,,
Wonf,,,,,,,,,,,,,,,9th,,,,,,,,,,,,,,,,,,,,,,,,,,,,,,,,,,
Craftis,,,,,,,,,,,,,,,,,,,,,33rd,,,,,,,,,,,,,,,,,,,,,,,,,,,,
Omegaspike,,,,,,,,,,,49th,,,,,,,,,,,,,,,,,,,,,,,,,,,,,,,,,,,,,,
Cashmere,,,,,,7th,,,,,,,,,,,,17th,,,,,,,,,,,,,,,,,,,7th,,,,,,,,,,,,
John Numbers,,,3rd,,,,,,,,,,,,,,,,,,,,,,,,,,,,,,,,,,,,,,,,,,,,,,
Lucretio,,,,,,,13th,,,,,,,,,,,,,,,,,,,,,,,,,,,,,,,,,,,,,,,,,,
Matikitu,,,,,,,,,,,,,,,,,,,,,,,,,,,,,,,,,,,,,,,,,,,,,,,,,
Sim-Max,,,,,,,,,,,,,,,,,,,,,,,,,,,,,,,,,,,,,,,,,,,,,7th,,,,
Pow,,,,,,,,,,,,,,,,,,,,,,,,,,,,33rd,,,,,,,,,,,,,,,,,,,,,
Chez,,,,,,,,,,,49th,,,,,,,,,,,,,,,,,,,,,,,,,,,,,,,,,,,,,,
LoNg0uw,,,,,,,,,,,,,,,,,,,,,,,,,,,13th,,,,,,,,,,,,,,,,,,3rd,,,,
TLOrEo,,,,,,,,,,,,,,,,,,,,,,,,,,,,,33rd,,,,,,,,,,,,,,,,,,,,
Zex,,,,,,,,,,,,,,,,,,,49th,,,,,,,,,,,49th,,,,,,,,,,,,,,,,,,,
Nishiya,,,,,,,,,,,,,,,,,,,,,,,,,,7th,,,,,,,,,,,,,,,,,,,,,,,
Selcia,,,,,,,,,,,,,,,,,,,,,,,,,,,,,,,3rd,,,,,,,,,,,3rd,,,,,,,
Rideae,,,,,,,,7th,,,33rd,,,,,,,17th,,,,,,,,,,,,,,,,,,,,,,,,,,,,,,,
Tortas FC,,,,,,,,,,,33rd,,,,,,,,,,,,,,,,,,,,,,,,,,,,,,,,,,,,,,
Skylar,,,,,,,,,,,,,,,,,,,33rd,,,,,,,,,,,,,,,,,,,49th,,,,,,,,,,,
Deathorse,,,,,,,,,,,,13th,,,,,,,,,,,,9th,,,,,,,,,,,7th,,,,,,,,,,,,,,
iStudying,,,,,,,,,,,,,,,,,,,,,,,,,,,5th,,,,,,,,,,,,,,,,,,4th,,,,
Fye,,,,,,,,,,,,,,,,,,,,,,,,,,,,,,,,,,,,,,,,,,,,,,13th,,,
KOSSismoss,,,,,,,,,,,,,,,,,,,,,,11th,,,,,,,,,,,,,,,,,,3rd,,,,,,,,,
Brand,,,,,,,,,,,,,,,,,,,,,,,,,,,,,,,,,,,,,,,2nd,,,,,,,,,,
Angel Cortes,,,5th,,,,,,,,,7th,,,,,,,,,,,,,,,,,,,,,,,,,,,,,,,,,,,,,
Waymas,,,,,,,,,,,,,,,13th,,,,,,,,,,,,,,,,,,,,,,,,,,,,,,,,,,
Yura,,,,,,,,,,,,,,,,,,,,,,,,,,,,,33rd,49th,,,,,,,,,,,,,,,,,,,
Ri-ma,,,,,,,,,,49th,,,,,,,,,,,,,,,,,,,,,,,,,,,,,,,,,,,,,,,
Zaki,,,,,,,,,,,,,,,,5th,,,,,,,,,,,,,,,,,,,,,,,,,,,,,,,,,
Dunkmaster Ragna,,,,,,,,,,,,,,,,,,,25th,,,,,,,,,,,,,,,,,,,,,,,,,,,,,,
Lunarosity,,,,,,,,,,,,,,,,,,,,,,,,,,,,,,,,,,,,,,,,,,,,,,,,,
ProtoBanham,,,,,,,,,,,,,,,,,,,,,,,,,,,,,,,,,,,,,,,,,,,9th,,,,,,
Pugwest,,,,,,,,,,49th,,,,,,,,,,,33rd,,,,,,,,33rd,33rd,,,,,,,,,,,,,,,,,,,
Vermillion,,,,,,,,,,,,,,,,,,,,,,,,,,,,,,49th,,,,,,,,,,,,,,,,,,,
Jabe,,,,,,,,,,,49th,,,,,,,,,,,,,,,,,,,,,,,,,,,,,,,,,,,,,,
JJROCKETS,,,,,,,,,,,,,,,,,,25th,,,,,,,13th,,,33rd,,,,,,,,,,,,5th,,,,,,,,,
Xyro,,,,,,,,,,,,9th,,,,,,,,,,,,,,,,,,,,,,,,,,,,,,,,,,,,,
Chaos,,,,,,,,,,,,,,,,,,,,,33rd,,,,,,,,,,,,,,,,,,,,,,,,,,,,
LetsTickle,,,,,,,,,,,,,,,,,,,,,,,,,,,,,,,,,,,13th,,,,,,,,,,,,,,
Venom,,,,,,,,,,,,,,,,,,,17th,,25th,,,7th,,,,,,,,,,,5th,,,,,,,,,,,,,,
Draxsel,,,,,,,,,,,,,,,,,,,,,,,,,,,,,33rd,,,,,,,,,,,,,,,,,,,,
Masha,4th,,,,,,,,,,,,,,,5th,,,,,,,,,,,,,,,,,,9th,,,,,,,,,,,,,,,
wusi,,,,,,,7th,,,,,,,,,,,,,,,,,,,,13th,,,,,,,,,,,,,,,,,,,,,,
RED9,,,,,,,,,,,,,7th,,,,,,,,,,,,,,,,,,,,,,,,,,,,,,,,,,,,
AGman,,,,,,,,,,,49th,,,,,,,,,,,,,,,,,,,,,,,,,,,,,,,,,,,,,,
aMSa,,,,,,,,,,,,,,,,,,,,,,,,,,,,49th,,,,,,,,,,,,,,,,,,,,,
LuxDre,,,,,,,,,,,33rd,,,,,,,,,,,,,,,,,,,,,,,,,,,,,,,,,,,,,,
Geist,,,,,,,,,,,,,,,,,,,,,,,,,,,,,49th,,,,,,,,,,,,,,,,,,,,
MF Space,,,,,,,,,,,,,,,,,,,,,,,,,,,,49th,,,,,,,,,,,,,,,,,,,,,
OwlBBs,,,,,,,5th,,,,,,,,,,,,,,,,,,,,,,,,,,,,,,,,,,,,,,,,,,
Songn,7th,,,,,,,,,,,,,,,,,,,,,,,,,,,,,,,,,,,,,,,,,,,,,,,,
Doomlion,,,,,,,,,,,,,,,,,,,,,,,,,,,,,,49th,,,,,,,,,,,,,,,,,,,
Poyo,,,,,,,,,,,49th,,,,,,,,,,49th,,,,,,,,33rd,,,,,,,,,,,,,,,,,,,,
Speclar,,,,,,,,,,,,,,,,,,,,,,,,,,,,,,49th,,,,,,,,,,,,,,,,,,,
Eon,,,,,,,,,25th,33rd,,,,,,,,,49th,,,,25th,,,,,,,17th,,,7th,,,,,33rd,,,9th,,,,,,,3rd,
Smokk,,,,,,,,,,,,,,,,,,,,,,,,13th,,,,,,,,,,,,,,,,,,,,,,,,,
Zan,,,,,,,,,,,,,,,,,,,49th,,,,,,,,,,,,,,,,,,,,,,,,,,,,,,
LCQ,,,,,,,,,,,,,,,,,,,,,,,,,,,,,,,,,,,,,,,,,,,,,,,,,
Mute Ace,,,,,,7th,,,,49th,,,,,,,,,,,,,,,,,,,,,,,,,,,,,,,,,,,,,,,
AEMehr,,,,,,,,,,,,,,,,,,,,,,,,,,,,,,,,,,,,,,,,,13th,,,,,,,,
Ateozc,,,,,,,,,,,,,,,,,,,,,,,,,,,,,,,,,,,,,,,,,,,,,,13th,,,
Mekos,,,,,,,,,,,25th,,,,,,,,,,,,,,,,,,49th,,,,,,,,,,,,,,,9th,,,,,
IceArrow,,,,,,,,,,,,,,,,,,,,,25th,,,,,,,,,,,,,,,,,,,,,,,,,,,,
Afro Smash,,,,,,,9th,,,,,,,,,,,,,,,,,,,,,,,,,,,,,,,,,,,,,,,,,,
quiK,,,,,,,,,,,,,,,,,,,,,,,,,,,7th,,,,,,,,,,,,,,,,,,,,,,
Calculus,,,,,,,,,,,,,,,,,,,,,,,,,,,,25th,,,,,,,,,,,,,,,,,,,,,
Maiko,,,,,,,,,,,,,,,,,,,,,,,,,,,,,,,,,,,,,,,,,25th,,,,,,,,
KDK,,,,,,,,,,,49th,,,,,,,,,,,,,,,,,,,,,,,,,,,,5th,,,,,,,,,,
Kiosk,,,,,,,,,,,,,,,,4th,,,,,,,,,,,,,,,,,,,,,,,,,,,,,,,,,
Matsu,,,,,,,,,,,,,,,,,,,,,,,,,,,,,,49th,,,,,,,,,,,,,,,,,,,
Dr.DORF,,,,,,,13th,,,,,,,,,,,,,,,,,,,,,,,,,,,,,,,,,,,,,,,,,,
Gen,,,,,,,,,,,,,,,,,,,17th,,,,,,,,,,,,,,,,,,,,,,,,,,,,,,
Fhyr Rain,,,,,,,,,,,,,,,,,,,49th,,,,,,,,,,,,,,,,,,,,,,,,,,,,,,
Vice,,,,,,,,,,,,,,,,,,,,,,,,,,,,,,,,,,,,,,,,,,,,,,,,,
CC,,,,,,,,,,,49th,,,,,,,,,,,,,,,,,,,,,,,,,,,,,,,,,,,,,,
Dragon,,,,,,,,,,,,,,,,,,,,,,,,,,,,,49th,,,,,,,,,49th,,,,,,,,,,,
Zage,,,,,,,,,,,,,,,,,,49th,,,,,,,,,,,,,,,,,,,,,,,,,,,,,,,
Freakzoid9000,,,,,,,,,,,,,,,,,,,,,,,,,,,,,49th,,,,,,,,,,,,,,,,,,,,
Razo,,,,,,,,,,,,,,,,,,,33rd,,,,,,,,,,,17th,,,,,,,,33rd,,,,,,,,,,5th,
Bedgar,,,,,,,,,,,,,,,,,,,,,,,,,,,,,,49th,,,,,,,,,,,,,,,,,,,
Kumai,,,,,,,,,,,,,,,,,,,,,,,,,,,,,,,,,,,,,,,,,,,,,,,,,
Ducky,,,,,,,,,,,,,,,,,,,,,49th,,,,,,,,,,,,,,,,,,,,,,,,,,,,
Cali,,,,,,,,,,,,,7th,,,,,,,,,,,,,,,,,,,,,,,,,,,,,,,,,,,,
Tengu,,,,,,,,,,,,,,,,,,49th,,,,,,,,,,,,,,,,,,,,,,,,,,,,,,,
Twan,,,,,,,,,,,,,,,,,,,,,,,,,,,,,,,,,,,,,,49th,,,,,,,,,,,
Scizor,,,,,,,,,,,,,,,,,,,,,,,9th,,,,,,,,,,,,,,,,,,,,,,,,,,
Saiki,,,,,,,,,,,,,,,,,,,33rd,,,,,,,,,,,,,,,,,,,,,,,,,,,,,,
:^),,,,,,,,,,,,,,,,,,,49th,,,,,,,,,,,,,,,,,,,,,,,,,,,,,,
King Koopa,,,,,,,,,,,,,,,,,,,49th,,,,,,,,,,,,,,,,,,,,,,,,,,,,,,
Yoh,,,,,,,,,,,,9th,,,,,,,,,,,,9th,,,,,,,,,,,,,,,,,,,,,,,,,
V115,,,,,,,,,,,,,,,,,,,,,,,,,,,,,,,,,,,13th,,,,,,,,,,,,,,
Edwin,,,,,,,,,,,,,,,,,,,,,49th,,,,,,,,,,,,,,,,,,,,,,,,,,,,
Soko,,,,,,,,,,,,,,,,,,,,,,,,,,,,,,,,,,,,,,49th,,,,,,,,,,,
LingLing,,,4th,,,,,,,25th,,,,,,,,,,,33rd,,,,,,,,,,,,,,,,,,,,,,,,,,,,
yeti,,,,,,,,,,,,,,,,,,,25th,,,,,,,,,,,,,,,,,,,,,,,,,,,,,,
Eldin,,,,,,,,,,,25th,,,,,,,,,,,,,,,,,,,,,,,,,,,,,,,,,13th,,,,,
takera,,,,,5th,,,,,,,,,,,,,,33rd,,,,,,,,,,,,,,,,,,,,,,,,,,,,,,
Charger,,,,,,,,,,,,,,,,,,,,,,,,,,,,,,,,,,,,,,,,,25th,,,,,,,,
Chuck Nasty,,,,,,,,,,,,,,13th,,,,,,,,,,,,,,,,,,,,,,,,,,,,,,,,,,,
Keitaro,,,,,,,,,,,,,,,,,,,,,,,,,,,,49th,,,,,,,,,,,,,,,,,,,,,
Dark Wizzy,,,,,,,,,,,,,,,,,,49th,,,13th,,,,,,,,,,,,,,,,,,,,,,,,,,,,
Yaminabe,,,,,,,,,,,,,,,,,,,,,,,,,,,,,,,,,,13th,,,,,,,,,,,,,,,
Shade,,,,,,,,,,,49th,,,,,,,,,,,,,,,,,,,,,,,,,,,,,,,,,,,,,,
8Bitman/8BitMan,,,,,,,,5th,,49th,,,,,,,,,,,,,,,,,,,33rd,,,,,,,,13th,,,,,,,,,,,,
Houston,,,,,,,,,,,,,,,,,,,,,,,,,,,,,,,,,,,,,,49th,,,,,,,,,,,
TLTC,,,,,,,,,,33rd,,,,,,,,,33rd,,,,25th,,,,,,,33rd,,,,,,,,,,,,,,,,,,,
Parme,,,,,,,,,,,,,,,,,,,,,,,,,,,,,,,7th,,,,,,,,,,,,,,,,,,
Sol,,,,,,,,,25th,,,,5th,,,,,,,,,,,,,,,,,,,,,,,,,,,,,,,,,,,,
PiXL,,,,,,,,,,,,,,,,,,,13th,,,,,,,,,17th,,,,,,,,,,49th,,,,,,,,,,,
Chrim Foish,,,,,,,,,,,,,,,,,,,,,,,,,,,,,33rd,,,,,,13th,,,,,,,,,,,,,,
Glutonny,,,,,,,1st,,,,,,,,,,,,,,,,,,,,3rd,,,,,,,,,,,,,,,,,,,,,,
Envoid,,,,,,,,,,,49th,,,,,,,,,,,,,,,,,,,,,,,,,,,,,,,,,,,,,,
BB,,,,,,,,,,,,,,,,,,,,,,,,,,,,,,,,,,,9th,,,,,,,,,,,,,,
LG.Abadango,,,,,,,,,,,,,,,,,,,,,,,,,,,,,,,,,,,,,,,,,,,,,,,5th,,
Shogun,,,,,,,,,,,,,,,,,7th,,,,,,,,,,,,,,,,,9th,,,,,,,,7th,,,,,,,
RoguePenguin,,,,,,,,,,,49th,,,,,,,,,,,,,,,,,,,,,,,,,,,,,,,,,,,,,,
Lazh,,,,,,,,,,,,,,,,,,,49th,,,,,,,,,,,,,,,,,,,,,,,,,,,,,,
Ninja,,,,,,,,,,,,,,,,,,,,,,,,,,,,,33rd,,,,,,,,,,,,,,,,,,,,
Donquavious,,,,,,,,,,,,,,,,,,,,,,,,,,,,,,,,,,,,,,,,,,,,13th,,,,,
Purple~H,,,,,,,9th,,,,,,,,,,,,,,,,,,,,5th,,,,,,,,,,,,,,,,,,,,,,
LordMix,,,,,,,,,,,33rd,,,,,,,,,,,,,,,,,,,,,,,,,,,,,,,,,,,,,,
Skorpio,,,,13th,,,,,,,,,,,,,,,,,,,,,,,,,,,,,,,,,,,,,,,,,,7th,,,
SilentDoom,,,,,,,,,,,,,,,,,,,,,49th,,,,,,,,,,,,,,,,,,,,,,,,,,,,
Sandstorm,,,,,,,,,,,,,,,,,,,49th,,,,,,,,,,,,,,,,,,,,,,,,,,,,,,
Deluxemenu,,,,,,,,,,,,,,9th,,,,,,,,,,,,,,,,49th,,,,,,,,,,,,,,,,,,,
Eim,,,,,,,,,17th,,,,,,,,,,,,,,,,,,,,,,,,,3rd,,,,,,,,,13th,,,,,,
El_Pitikla,,,,,,,,,,,,,,,,,,,,,,,,,,,,,,,,,,,,,,,,,,,,,7th,,,,
iModerz,,,,,,,,,,,,13th,,,,,,,,,,,,9th,,,,,,,,,,,,,,,,,,,,,,,,,
pu55yk1ng,,,,,,,,,,,,,,,,,,,,,,,,,,,,49th,,,,,,,,,,,,,17th,,,,,,,,
Shoe,,,,,,,,,,,,,,,,,,,,,,,,,,,,,,,,13th,,,,,,,,,,,,,,,,,
DiZ,,,,,,,,,,,,,,,,,,,,,,,,,,,,,,,,,,,,,,,7th,,,,,,,,,,
Dainosuke,,,,,,,,,,,,,,,,,,33rd,,,,,,,,,,,,,,,,,,,,,,,,,,,,,,,
Cilvanis,,,,,,,,,,,,,,,,,,,,,49th,,,,,,,,49th,,,,,,,,,,,,,,,,,,,,
Apa~,,,,,,,,,,,,,,,,,,,,,,,17th,,,,,,,,,,,,,,,,,,,,,,,,,,
Googs,,,,,,,,,,,,,,,,,,,,,,,,,,,,49th,,,,,,,,,,,,,,,,,,,,,
Lea,,,,,13th,,,,,,,,,,,,,,,,,,,,,,,,,,,,,,,,,,,,,,5th,,,,,,
BestNess,,,,,,,,,,,,,,,,,,,49th,,,,,,,,,33rd,33rd,,,,,,,,,,,,,,,,,,,,
Doctor B,,,,,,,,,,,33rd,,,,,,,,,,,,,,,,,,,,,,,,,,,,,,,,,,,,,,
Raw,,,,,,,,,,,,,,,,,,,,,,,,,,,,,,,,,,,,,,,5th,,,,,,,,,,
Len,,,,,,,,,,,,,,,,,,,,,,,,,,,,,,,,,,,,,,,,7th,,,,,,,,,
Frozen,,,7th,,,,,,,,,,,,,,,49th,,,,,,,,,,,49th,33rd,,,,,,,,,,,,,,,,,,,
iDK,,,,,,,,,,,,,,,,,,,,,,,,,,,,,,,,,,,,,,,,,25th,,,,,,,,
MattyG,,,,,,,,,,,,,,,,,,13th,,,17th,,,,,,,,17th,,,,,,,,7th,,,,,,,7th,,,,,
Death Arcana,,,,,,,,,,,,,,,,,,,,,,,,,,,,49th,,,,,,,,,,,,,,,,,,,,,
Earthboundy,,,,,,,,,,,33rd,,,,,,,,,,,,,,,,,,,,,,,,,,,,,,,,,,,,,,
NickRiddle,,,,,,,,7th,,,,,,,,,,,,,,,,,,,,,,,,,,,,,,,,,,,,,,,,,
Serge,,,,,,,,,,,,,,,7th,,,,,,,,,,,,,,,,,,,,,,,,,,,,,,,,,,
Ron,,,,,,,,,,,,,,,,,,,,7th,,,,,,2nd,,,,,,,,,,,,,,,,,,,,,,,
ARMY,,,,,,,,,,,,,,13th,,,,,,,,,,,,,,,,,,,,,,,,,,,,,,,,,,,
Rox,,,,,,,,,,,,,,,7th,,,,,,,,,,,,,,,,,,,,,,,,,,,,,,,,,,
Lightwork,,,,,,,,,,,,,,,,,,,,,,,,,,,,,,,,,,,13th,,,,,,,,,,,,,,
Paper,,,,,,,,,,,,,,,,,,,,,,,,,,,,,,49th,,,,,,,,,,,,,,,,,,,
LF/Chaplin,,,,,,,,,,,,,,,9th,,,,,,,,,,,,,,,,,,,,,,,,,,,,,,,,,,
NCJacobT,,,,,,,,,25th,,,,,,,,,,,,,,,,,,,,,,,,,,,,,,,,25th,,,,,,,,
Twi,,,,,,,,,,,,,,13th,,,,,,,,,,,,,,,,,,,,,,,,,,,,,,,,,,,
GAME,,,,,,,,,,,,,,,,,,,,,,,,,,,,,49th,,,,,,,,,,,,,,,,,,,,
Meteor,,,,,,,,,,,,,,,,,,,25th,,,,,,,,,,,33rd,,,,,,,,33rd,,,,,,,,,,,
MrConCon,,,,,,,,,25th,,,,,,,,,,33rd,,,,,,,,,,,,,,,,,,,33rd,,,7th,,,,,,,,
Captain Levi,,,,,,,,,,,,,,,9th,,,,,,,,,,,,,,,33rd,,,,,,,,,,,,,,,,,,,
saj.,,,,,,,,,,,33rd,,,,,,,,,,,,,,,,,,,,,,,,,,,,1st,,,,,,,,,,
IcyMist,,,,,,,,,,,,,,,,,,49th,,,,,,,,,,,,,,,,,,,,,,,,,,,,,,,
Koolaid,,,,,,,,,,,,,,,,,,,,,49th,,,,,,,,,,,,,,,,,,,,,,,,,,,,
cyve,,,,,,,2nd,,,,,,,,,,,,,,,,,,,,4th,,,,,,,,,,,,,,,,,,,,,,
Regulating_Mofo,,,,,,,,,,,,,,,,,,,,,,,,,,,,,,,,13th,,,,,,,,,,,,,,,,,
Ramses,,,,,,,9th,,,,,,,,,,,,,,,,,,,,,,,,,,,,,,,,,,,,,,,,,,
Taternator,,,,,,,,,,,,,,,,,,,49th,,,,,,,,,,,,,,,,,,,,,,,,,,,,,,
RiotLettuce,,,,,,,,,,,,,,,,,,,,,,,,,,,,,,,,,,,,,13th,,,,,,,,,,,,
Waldo,,,,,,,,,,,,,,,,,,,,,,,,,,,,,,33rd,,,,,,,,,,,,,,,,,,,
Suinoko,,,,,,,,,,49th,,,,,,,,,,,,,,,,,,,,,,,,,,,,,,,,,,,,,,,
Xion,,,,,,,,,,,,,,,,,,,,,49th,,,,,,,,,,,,,,,,,,,,,,,,,,,,
Z,,,,,,,,,,49th,,,,,,,,,33rd,,,,,,,,,33rd,,,,,,,,,,,,,17th,,,,,,,,
Kisha,3rd,,,,,,,,,,,,,,,,,,,,,,,,,,,,,,,,,,,,,,,,,,,,,,,,
Puppeh,,,,,,,,,,,,,,,,,,33rd,,,,,,,,,,,,,,,,,,,,,,,,,,,,,,,
Tea,,,,,,,,,,,,,,,,7th,,,,,,,,,,,,,,,,,,,,,,,,,,,,,,,,,
big_mak,,,,,,,,,,,,,,,,,,,,,,,,,,,,,,,,,,,,,,,,,,,,,,9th,,,
Xaltis,,,,,,,,,,49th,,,,,,,,49th,,,,,,,,,,,,,,,,,,,,,,,,,,,,,,,
Tachyon,,,,,,,,,,,49th,,,,,,,,,,,,,,,,,,,,,,,,,,,,,,,,,,,,,,
Ryo,,,,,,,,,,,,,2nd,,,,,,,,,,,,,,,,,25th,,,,,,,,,3rd,,,,,,,,,,
Ty,,,,,,,,,,,,,,,,,,,,,,,,,,,,,,,,,,,,,,,,,,,,,,,,,
Karna,,,,,,,,,,,,,,9th,,,,,,,,,,,,,,,,,,7th,,,,5th,,,,,,,,,,,,,
Strike,,,,,,,,,,,,9th,,,,,,,,,,,,,,,,,,,,,,,,,,,,,,,,,,,,,
Mystearica,,,,7th,,,,,,,33rd,,,,,,,,,,,,,,,,,,,17th,,,,,,,,,,,,,,,,,,,
The Great Gonzales,,,,,,,,,,,,,,,,,,,,,33rd,,,,,,,,,,,,,,,,,,,,,,,,,,,,
adom,,,,,,,,,,,,,,,,,,,,,,,,,,,9th,,,,,,,,,,,,,,,,,,,,,,
Detta,,,,,,,,,,,,,,,,,,,,,,,,,,,,,,,,13th,,,,,,,,,,,,,,,,,
Mao,,,,,9th,,,,,,,,,,,,,,,,,,,,,,,,,,5th,,,13th,,,,,,,,,13th,,,,7th,,
Trevonte,,,,,,,,,,,,,,,,,,,,,49th,,,,,,,,,,,,,,,,,,,,,,,,,,,,
Peabnut,,,,,,,,,,,13th,,,,,,,33rd,,,,,,,,,,,,,,,,,,,,,,,,,,7th,,,,,
RFang,,,,,,,,,,,25th,,,,,,,49th,,,,,,,,,,,,,,,,,,,,,,,,,,9th,,,,,
Kiddykong,,,,,,,,,,,,,,,,,,,,,,,,13th,,,,,,,,,,,,,,,,,,,,,,,,,
OBA,,,,,,,,,,,,,,,13th,,,,,,,,,,,,,,,,,,,,,,,,,,,,,,,,,,
DKHo,,,,,,,,,,,,,,,,,,,,,,,,,,,13th,,,,,,,,,,,,,,,,,,2nd,,,,
Mangalitza?,,,,,,,,,,,,,,,,,,,,,,,,,,,,,,,1st,,,,,,,,,,,,,,,,,,
ARJAY!!!,,,,,,,,,,,,,,,,,,,,,,,,13th,,,,,,,,,,,,,,,,,,,,,,,,,
Raffi-X,,,,,,,,,,,,,,,,,,,,,49th,,,,,,,,49th,,,,,,,,,,,,,,,,,,,,
